GID,idx_crime
라라387888,140.961
라라388920,1832.565
라라390892,2869.432
라라410864,524.491
라라411863,1901.462
라라412863,932.544
라라417931,62.85
라라418932,3771.784
라라449942,4734.177
라라451983,2336.404
라라452983,2538.684
라라473830,2026.761
라라486898,49.178
라라490981,136.267
라라491865,1416.918
라라491912,563.915
라라491913,58.16
라라492858,955.463
라라492859,9072.51
라라492865,797.911
라라492912,3161.991
라라492913,4452.477
라라492915,2358.126
라라492916,2965.545
라라493857,1796.31
라라493858,1619.653
라라493859,8107.713
라라493860,603.416
라라493862,1710.396
라라494857,8818.007
라라494858,5394.845
라라495859,3748.81
라라495862,2307.711
라라495863,1558.139
라라495898,2099.525
라라496857,5988.869
라라496858,1326.776
라라496859,2307.659
라라496938,2763.269
라라497859,4161.96
라라497860,178.279
라라498856,244.683
라라498857,1564.47
라라498858,14051.735
라라498859,11228.032
라라498860,3336.221
라라499857,8499.044
라라499858,9878.273
라라499859,3547.572
라라499860,463.902
라라500856,2631.307
라라500857,11557.036
라라500858,11351.254
라라500859,5399.224
라라500860,1250.456
라라500861,1937.082
라라501856,1800.849
라라501857,2044.814
라라501858,2996.013
라라501859,12657.125
라라501860,4345.477
라라501861,6057.196
라라501888,588.814
라라502858,1079.496
라라502859,7772.109
라라502860,5499.606
라라502861,7424.395
라라502862,855.797
라라502887,1766.015
라라503859,7231.034
라라503860,29635.373
라라503861,4464.227
라라503862,2716.183
라라503863,3450.731
라라503867,54.485
라라503887,2175.945
라라504859,1422.895
라라504860,4752.07
라라504861,947.844
라라504862,6440.291
라라504863,4127.588
라라504864,536.677
라라505859,4094.856
라라505860,1795.058
라라505861,5600.523
라라505862,4671.708
라라505863,6026.33
라라506859,1795.651
라라506861,368.546
라라506864,239.967
라라506885,227.941
라라506888,777.694
라라506889,4290.873
라라507858,3203.843
라라507859,40.774
라라507863,1315.491
라라507864,921.719
라라507865,2581.709
라라507885,4974.139
라라507886,2104.767
라라508858,4346.445
라라508859,1927.585
라라508861,1511.946
라라508862,1614.096
라라508863,6771.38
라라508864,6718.116
라라508865,5999.547
라라508866,2944.417
라라508881,2670.392
라라508882,1021.149
라라508883,2529.089
라라508884,3500.908
라라508885,3392.624
라라508887,82.959
라라508888,329.84
라라509858,1022.813
라라509860,48.207
라라509861,4301.791
라라509862,5189.9
라라509863,402.132
라라509865,8964.997
라라509866,8821.792
라라509867,2858.806
라라509871,385.399
라라509872,103.907
라라509881,3719.115
라라509882,1387.327
라라509885,1602.366
라라509889,5121.976
라라510859,5352.651
라라510860,986.66
라라510861,154.392
라라510862,3165.613
라라510863,5352.565
라라510866,14772.192
라라510867,6629.103
라라510868,5630.602
라라510869,1726.502
라라510871,1114.202
라라510872,2795.48
라라510880,632.757
라라510881,138.446
라라510885,3808.277
라라510886,3922.092
라라511859,1411.795
라라511860,347.03
라라511861,206.777
라라511864,16685.715
라라511865,17474.617
라라511866,13839.546
라라511868,4499.226
라라511869,6483.918
라라511870,3222.326
라라511871,2774.386
라라511873,1268.442
라라511874,1868.447
라라511880,6866.377
라라511886,7190.523
라라511887,2172.909
라라512861,4.115
라라512863,46778.339
라라512865,5070.958
라라512866,3056.523
라라512868,434.45
라라512869,4324.676
라라512870,12688.06
라라512871,9504.476
라라512872,5656.646
라라512873,3769.601
라라512874,4343.984
라라512875,5583.613
라라512876,3219.277
라라512880,2154.198
라라512881,1748.634
라라512884,2250.13
라라512885,7834.32
라라512886,8518.712
라라512887,7747.541
라라512889,987.327
라라513862,17997.224
라라513863,58941.865
라라513864,44593.416
라라513865,7758.936
라라513866,2680.119
라라513867,413.162
라라513868,2660.076
라라513869,1664.714
라라513870,4193.262
라라513871,7895.697
라라513872,5489.737
라라513873,5287.311
라라513875,1696.173
라라513876,5346.844
라라513877,3595.182
라라513878,462.138
라라513879,842.191
라라513880,3031.654
라라513881,1251.78
라라513884,2827.844
라라513885,6365.955
라라513886,8890.377
라라513887,5250.711
라라513889,1268.383
라라514854,3168.2
라라514855,1123.45
라라514862,34247.322
라라514863,33830.084
라라514864,26986.293
라라514865,7974.636
라라514866,9411.503
라라514867,3572.568
라라514868,2209.011
라라514869,271.392
라라514871,3608.477
라라514872,6446.344
라라514873,7043.482
라라514875,2142.456
라라514876,3022.23
라라514877,1362.691
라라514879,4343.999
라라514880,3485.089
라라514884,4192.377
라라514885,12855.27
라라514886,10580.225
라라514887,7352.905
라라514913,1572.435
라라514914,2414.074
라라515863,7146.409
라라515864,12849.186
라라515865,10292.221
라라515866,9499.824
라라515868,342.075
라라515869,1084.311
라라515870,410.308
라라515871,1.599
라라515872,2771.267
라라515873,6020.743
라라515874,159.373
라라515875,3043.246
라라515876,4564.495
라라515877,143.039
라라515885,3460.362
라라515886,5405.727
라라515887,3465.181
라라515888,2611.796
라라515891,1097.177
라라515894,312.322
라라515913,415.302
라라516852,123.1
라라516853,3998.562
라라516854,77.362
라라516864,3199.055
라라516865,9123.311
라라516866,11214.625
라라516867,3973.643
라라516870,6575.315
라라516872,2017.175
라라516873,2030.683
라라516874,2100.385
라라516875,12086.232
라라516876,15059.908
라라516877,3707.592
라라516885,2320.672
라라516886,5213.871
라라516888,7871.299
라라516889,2226.801
라라516890,3510.107
라라516891,2322.57
라라516893,4989.282
라라516894,4688.637
라라516895,2694.323
라라516896,702.555
라라516897,140.814
라라517865,4585.291
라라517866,14953.002
라라517867,1412.67
라라517870,93.5
라라517872,557.745
라라517873,2735.052
라라517874,2246.718
라라517876,6424.505
라라517877,11017.192
라라517880,39.534
라라517881,5007.293
라라517883,2570.403
라라517884,21.105
라라517887,9256.559
라라517888,34157.754
라라517889,12578.636
라라517890,16204.49
라라517891,7355.023
라라517892,10567.883
라라517893,7489.694
라라517894,9820.479
라라517895,12501.489
라라517896,7346.309
라라517897,2621.112
라라518870,1122.079
라라518871,7063.899
라라518872,8162.705
라라518873,8647.9
라라518874,1785.031
라라518875,5046.67
라라518876,14928.028
라라518877,8355.837
라라518878,631.738
라라518880,10742.553
라라518881,8950.814
라라518882,13460.828
라라518883,6637.231
라라518884,1963.929
라라518885,243.038
라라518886,3804.834
라라518887,17607.25
라라518889,17053.292
라라518890,7694.581
라라518891,5845.551
라라518892,21549.53
라라518893,18293.719
라라518894,8118.902
라라518895,15491.379
라라518903,872.632
라라518904,4252.404
라라519870,1608.887
라라519871,9934.945
라라519872,9760.932
라라519873,4241.317
라라519874,5919.611
라라519875,5593.182
라라519876,5864.883
라라519879,3201.734
라라519880,8989.443
라라519881,4699.577
라라519882,6062.804
라라519883,6354.482
라라519884,4300.125
라라519885,4009.337
라라519886,8218.984
라라519887,15344.514
라라519888,11827.485
라라519889,22551.622
라라519890,14711.651
라라519891,5273.64
라라519892,12333.005
라라519893,11733.748
라라519894,169.769
라라519895,6855.772
라라519896,2949.705
라라519897,1157.364
라라520872,2971.853
라라520873,3468.368
라라520874,5362.287
라라520875,8013.341
라라520876,20624.387
라라520877,395.926
라라520878,2977.026
라라520879,1424.567
라라520880,4668.561
라라520881,11358.52
라라520882,1876.578
라라520884,2759.89
라라520885,7224.783
라라520886,10671.911
라라520887,3236.995
라라520888,11454.322
라라520889,18982.491
라라520890,6541.97
라라520891,2499.155
라라520892,6547.409
라라520893,5762.753
라라520894,4697.591
라라520895,6651.438
라라520896,3774.013
라라520897,697.919
라라520898,2672.477
라라520899,379.965
라라520903,1951.553
라라520904,533.314
라라521873,6291.798
라라521874,1954.597
라라521875,7484.971
라라521876,4488.805
라라521877,7815.259
라라521878,4487.157
라라521879,6772.942
라라521880,3586.135
라라521881,12715.652
라라521882,11506.449
라라521883,9361.05
라라521884,8606.258
라라521885,6893.766
라라521886,7423.668
라라521887,7928.331
라라521888,7381.666
라라521889,33032.862
라라521890,22291.906
라라521891,9551.857
라라521892,3711.758
라라521893,6704.049
라라521894,18327.868
라라521895,6537.22
라라521896,1357.724
라라521897,1105.646
라라521898,6326.464
라라521899,1451.441
라라522876,4606.659
라라522877,3697.582
라라522878,5226.538
라라522879,3834.95
라라522880,5861.295
라라522881,6707.972
라라522882,11437.799
라라522883,4893.265
라라522884,6906.348
라라522885,5504.923
라라522886,6396.35
라라522887,12961.298
라라522888,26567.711
라라522889,36862.305
라라522890,36497.008
라라522891,14076.359
라라522892,6501.255
라라522893,7146.984
라라522894,20648.413
라라522895,3893.235
라라522896,314.361
라라522897,6504.019
라라522898,3229.522
라라522929,1440.481
라라523882,749.207
라라523883,246.98
라라523884,1419.758
라라523885,7930.554
라라523886,19122.775
라라523887,10491.846
라라523888,5465.961
라라523889,2196.254
라라523890,14084.588
라라523891,5410.594
라라523892,15807.694
라라523893,10144.75
라라523894,2470.48
라라523902,2468.543
라라523903,1705.315
라라524884,1113.99
라라524885,11362.681
라라524886,8416.406
라라524887,15283.064
라라524888,7515.464
라라524889,7457.719
라라524890,12028.375
라라524891,26902.702
라라524892,24944.111
라라524893,13820.319
라라524894,2393.518
라라524948,6.042
라라525885,10262.133
라라525886,14866.524
라라525887,10438.164
라라525888,20977.442
라라525889,16114.246
라라525890,34523.95
라라525891,34186.542
라라525892,22843.674
라라525893,11028.178
라라525894,6485.06
라라525895,4912.92
라라525896,5177.601
라라525897,1694.098
라라526874,348.405
라라526876,1655.587
라라526877,250.927
라라526886,8866.617
라라526888,8931.957
라라526889,27133.733
라라526890,30848.862
라라526891,38841.054
라라526892,8813.439
라라526893,2572.544
라라526894,5555.976
라라526895,5968.626
라라526896,2497.019
라라527875,619.547
라라527876,3457.777
라라527877,2083.112
라라527878,6598.71
라라527879,2020.358
라라527885,10995.6
라라527886,12276.01
라라527888,16735.563
라라527889,26435.221
라라527890,22457.539
라라527891,20491.219
라라527892,26437.57
라라527893,4137.253
라라527894,5291.037
라라527895,232.583
라라527896,1277.474
라라528873,4195.396
라라528876,75.863
라라528877,8361.42
라라528878,3642.102
라라528879,4493.039
라라528880,332.195
라라528885,13062.986
라라528886,12386.298
라라528887,4970.301
라라528888,7464.061
라라528889,17236.216
라라528890,45180.299
라라528891,32612.648
라라528892,12879.614
라라528893,3520.647
라라528894,1720.017
라라528896,822.152
라라529872,100.802
라라529873,1316.485
라라529875,690.973
라라529876,6562.31
라라529877,5626.803
라라529878,5998.623
라라529879,2961.025
라라529880,1159.078
라라529886,7138.319
라라529887,9750.132
라라529889,15234.873
라라529890,45244.269
라라529891,12975.372
라라529892,9594.738
라라529893,6212.935
라라529895,6205.676
라라529896,6228.223
라라529897,1507.945
라라530872,912.809
라라530875,1710.682
라라530876,8632.065
라라530877,4574.169
라라530878,4001.473
라라530879,5463.936
라라530880,2494.789
라라530881,5890.631
라라530885,4890.086
라라530886,9131.492
라라530887,26757.784
라라530889,56311.259
라라530890,23423.169
라라530891,17969.391
라라530893,5939.499
라라530894,6312.124
라라530895,971.352
라라530896,3768.096
라라530897,1326.595
라라531871,1461.018
라라531872,4246.203
라라531874,2267.017
라라531875,21384.314
라라531876,12722.65
라라531877,3362.354
라라531878,5381.493
라라531879,1326.969
라라531880,4637.257
라라531881,12576.564
라라531886,5093.314
라라531888,14596.672
라라531889,39806.293
라라531890,51140.364
라라531891,6451.928
라라531892,7790.906
라라531893,8402.143
라라531894,223.268
라라531895,5427.111
라라531896,6477.82
라라531939,128.878
라라532871,1342.443
라라532872,4531.856
라라532873,7635.055
라라532874,6009.788
라라532875,3490.861
라라532876,2871.51
라라532877,4725.766
라라532878,1691.751
라라532879,15626.683
라라532880,6970.814
라라532881,9840.117
라라532886,27772.168
라라532887,19575.395
라라532888,8275.307
라라532889,4764.157
라라532890,35819.444
라라532891,12774.392
라라532892,6067.688
라라532893,8277.221
라라532894,1624.013
라라532895,1772.302
라라532896,4312.66
라라532939,805.535
라라533864,99.976
라라533870,13.925
라라533873,4894.298
라라533874,5513.33
라라533875,1857.188
라라533876,693.187
라라533878,5997.074
라라533879,15074.272
라라533880,3718.799
라라533881,3192.07
라라533885,5485.178
라라533886,18295.338
라라533887,12231.873
라라533888,23019.957
라라533889,21543.893
라라533890,11622.01
라라533891,9166.061
라라533892,6203.267
라라533893,3365.799
라라533894,163.29
라라534868,93.146
라라534869,6341.281
라라534870,5677.504
라라534871,2796.603
라라534876,1069.752
라라534877,4465.341
라라534878,6746.6
라라534879,6064.615
라라534881,297.578
라라534882,4418.209
라라534885,1481.168
라라534886,12518.08
라라534887,12554.802
라라534888,16264.856
라라534889,31060.28
라라534890,15741.033
라라534891,18500.34
라라534892,4288.54
라라535868,6412.344
라라535869,4871.065
라라535870,3163.72
라라535875,10112.713
라라535876,3742.97
라라535877,4687.15
라라535878,25635.998
라라535879,13201.03
라라535880,756.643
라라535881,230.28
라라535882,5040.831
라라535885,7169.601
라라535886,23365.559
라라535887,34737.507
라라535888,17900.904
라라535889,11094.788
라라535890,7254.305
라라535891,26448.737
라라535892,1848.385
라라535938,2083.454
라라536867,20.156
라라536868,728.264
라라536872,1240.167
라라536873,3964.576
라라536874,4656.816
라라536875,7130.774
라라536876,6984.072
라라536877,5905.833
라라536878,11906.196
라라536879,3135.632
라라536880,56.154
라라536881,452.686
라라536882,4616.464
라라536886,17201.727
라라536887,11131.286
라라536888,5609.617
라라536889,14425.874
라라536890,4576.971
라라536891,1071.317
라라536938,1540.738
라라537841,4312.076
라라537872,3119.735
라라537875,5676.084
라라537876,12462.43
라라537877,8351.44
라라537878,5560.565
라라537879,3200.219
라라537880,70.47
라라537881,5784.971
라라537882,4672.353
라라537885,13847.361
라라537886,16359.487
라라537887,5850.474
라라537888,4880.536
라라537889,4180.654
라라537890,3341.061
라라537891,656.936
라라538863,3786.785
라라538866,5363.617
라라538867,6765.479
라라538868,263.039
라라538869,2072.398
라라538873,448.689
라라538876,7490.623
라라538877,8992.743
라라538878,1252.671
라라538879,2011.355
라라538881,4778.032
라라538884,1373.965
라라538885,6423.854
라라538886,9026.575
라라538887,7235.007
라라538888,4141.402
라라538889,562.111
라라538890,4998.191
라라538891,3095.216
라라538892,2910.634
라라538893,1687.455
라라539863,3685.742
라라539864,457.104
라라539865,4396.729
라라539866,20564.81
라라539867,12054.62
라라539868,9563.533
라라539869,7195.037
라라539870,11765.267
라라539871,8540.345
라라539876,6225.645
라라539877,3550.688
라라539878,4350.806
라라539879,2379.671
라라539885,6621.55
라라539886,336.195
라라539887,90.258
라라539888,8172.104
라라539889,1441.185
라라539890,173.046
라라539891,3325.809
라라539892,1013.804
라라540800,193.892
라라540801,3487.838
라라540802,1567.199
라라540865,118.364
라라540867,13441.129
라라540868,1733.81
라라540869,696.843
라라540870,7570.238
라라540871,16853.604
라라540872,16469.732
라라540876,5276.879
라라540877,12909.282
라라540878,11444.376
라라540879,6297.278
라라540888,301.396
라라540889,247.843
라라540890,6586.227
라라540891,3703.411
라라540892,2101.617
라라541863,3139.021
라라541864,4475.092
라라541865,189.895
라라541866,590.277
라라541869,1212.805
라라541871,31508.56
라라541872,7972.519
라라541876,3802.956
라라541877,12761.071
라라541878,15276.297
라라541890,2482.579
라라541892,3894.937
라라541893,73.663
라라542864,53.409
라라542870,2147.605
라라542871,10186.573
라라542872,6055.517
라라542873,3166.312
라라542874,759.006
라라542875,3245.872
라라542876,6851.676
라라542877,10464.75
라라542893,4158.424
라라543802,21.223
라라543809,9.067
라라543870,6938.34
라라543871,5551.209
라라543872,6388.19
라라543873,5294.406
라라543874,1101.668
라라543888,2798.366
라라543893,1586.926
라라544809,1971.409
라라544810,3949.597
라라544871,3353.992
라라545813,1025.287
라라545814,4597.317
라라545815,905.681
라라545816,1309.621
라라545819,506.961
라라545960,861.407
라라546812,1815.539
라라546813,7056.695
라라546814,482.83
라라546816,1831.526
라라546866,5173.058
라라546867,6814.098
라라546868,3495.196
라라546874,16.688
라라546875,1704.506
라라546876,3548.471
라라546916,283.691
라라546960,3176.237
라라547813,765.577
라라547815,684.191
라라547831,409.852
라라547866,3918.837
라라547867,2362.374
라라547868,5046.382
라라547869,3185.489
라라547871,1821.584
라라547872,4058.002
라라547874,1658.796
라라547875,7218.747
라라547876,1687.972
라라548810,3732.272
라라548838,582.2
라라548839,5061.552
라라548840,4500.339
라라548866,1360.645
라라548868,3634.501
라라548869,2129.851
라라548871,5752.048
라라548872,4807.757
라라548873,1706.658
라라548874,3937.957
라라548875,2323.457
라라549840,5679.675
라라549866,1377.157
라라549867,1452.371
라라549868,5066.306
라라549869,1953.608
라라549871,10317.265
라라549872,25763.651
라라549873,4075.555
라라549874,4995.582
라라549875,311.059
라라550840,63.156
라라550841,282.732
라라550847,5739.614
라라550856,739.582
라라550857,2225.542
라라550866,1616.128
라라550867,3107.304
라라550868,9258.628
라라550869,1943.807
라라550870,8051.465
라라550871,23473.558
라라550872,29223.188
라라550873,14244.968
라라550874,3593.769
라라550921,126.997
라라551840,2976.157
라라551841,6740.124
라라551847,8767.278
라라551848,13435.28
라라551849,7801.864
라라551850,7584.63
라라551851,4448.733
라라551852,1243.84
라라551856,6382.774
라라551868,2600.649
라라551869,4686.255
라라551870,2004.979
라라551871,780.414
라라551872,4263.81
라라551873,4653.051
라라551874,3175.571
라라551875,1594.646
라라551911,771.094
라라552843,38880.735
라라552844,30735.545
라라552846,4338.25
라라552847,6206.843
라라552848,8165.923
라라552849,5597.973
라라552850,16926.882
라라552851,11487.832
라라552852,13746.235
라라552853,3017.681
라라552854,7608.665
라라552855,3308.709
라라552856,3056.726
라라552868,1915.198
라라552869,2233.981
라라552871,2473.672
라라552872,15186.497
라라552873,7075.268
라라552874,2115.476
라라552875,14918.56
라라552876,3319.506
라라552877,2932.59
라라552878,553.322
라라552909,2792.044
라라552910,6629.299
라라552911,3029.676
라라552912,1588.98
라라553842,2324.089
라라553843,22163.397
라라553844,14874.06
라라553845,5372.938
라라553846,18070.947
라라553847,6722.846
라라553848,9981.398
라라553853,2697.408
라라553854,3960.573
라라553856,3486.559
라라553869,474.882
라라553870,3280.234
라라553871,4398.924
라라553872,11963.595
라라553874,1472.694
라라553875,7668.12
라라553876,11817.629
라라553877,1271.46
라라553878,7592.239
라라553879,3734.456
라라553909,2975.567
라라553910,1336.098
라라553911,366.086
라라554844,1446.771
라라554845,2120.295
라라554846,8038.202
라라554847,5935.45
라라554848,5241.622
라라554849,4853.969
라라554852,286.299
라라554855,5427.057
라라554856,2133.964
라라554857,544.846
라라554858,788.622
라라554862,2892.193
라라554869,3208.507
라라554870,6779.083
라라554871,5072.106
라라554872,6883.408
라라554874,703.294
라라554875,4334.505
라라554876,7407.152
라라554878,8572.352
라라554879,5423.207
라라554880,4787.569
라라554881,3327.763
라라554904,1856.132
라라554905,1709.486
라라554906,153.303
라라554908,139.977
라라554909,621.186
라라554911,1071.38
라라555848,1517.513
라라555853,260.412
라라555854,3112.66
라라555855,13321.298
라라555856,18389.766
라라555857,1497.757
라라555858,467.945
라라555862,3529.856
라라555868,49.799
라라555869,3945.905
라라555870,3805.971
라라555871,2638.603
라라555872,3765.714
라라555873,25087.115
라라555874,8587.829
라라555875,2920.897
라라555876,17435.43
라라555877,5440.504
라라555878,5752.697
라라555879,6884.188
라라555880,4201.5
라라555904,10532.789
라라555905,12833.455
라라555906,9597.689
라라555910,3122.139
라라555911,5985.516
라라556843,49.384
라라556854,2527.972
라라556855,19089.579
라라556856,26978.442
라라556863,1476.446
라라556869,143.589
라라556871,186.629
라라556872,5951.553
라라556873,20536.931
라라556874,12541.29
라라556875,9668.014
라라556876,12297.278
라라556877,5143.589
라라556878,5215.905
라라556879,1036.607
라라556891,1581.529
라라556892,3923.296
라라556904,3585.806
라라556905,9406.655
라라556906,10185.133
라라556908,6726.689
라라556911,8105.264
라라556912,8508.863
라라557843,4687.38
라라557844,74.277
라라557846,247.608
라라557847,1037.666
라라557855,8702.452
라라557856,7793.251
라라557857,524.58
라라557861,1021.561
라라557863,5395.667
라라557868,1655.935
라라557869,8389.499
라라557870,3992.069
라라557871,4394.062
라라557872,6477.991
라라557873,9206.417
라라557874,4019.119
라라557875,44713.96
라라557876,9686.492
라라557877,5523.927
라라557878,15571.858
라라557879,4364.206
라라557880,3859.328
라라557881,471.75
라라557890,644.984
라라557891,3046.153
라라557892,6279.691
라라557897,1639.127
라라557898,1073.391
라라557903,307.932
라라557904,5834.28
라라557905,9450.116
라라557906,12700.579
라라557907,7244.742
라라557908,8878.624
라라557909,1862.033
라라557910,6451.479
라라558839,7289.161
라라558840,1610.418
라라558841,2214.86
라라558846,166.145
라라558847,1798.866
라라558854,2958.187
라라558855,11831.751
라라558856,4959.26
라라558857,192.234
라라558861,1038.212
라라558862,2099.58
라라558863,4939.557
라라558868,6305.984
라라558869,12927.615
라라558870,3324.015
라라558871,2845.041
라라558872,4969.419
라라558873,18613.27
라라558874,272.045
라라558875,7620.562
라라558876,8086.579
라라558877,7774.443
라라558878,10251.379
라라558879,7477.387
라라558880,263.055
라라558881,107.078
라라558882,3956.243
라라558883,505.597
라라558887,1819.828
라라558888,396.854
라라558890,5879.862
라라558891,20469.077
라라558892,6057.599
라라558893,3028.819
라라558894,4194.793
라라558895,3218.428
라라558896,222.062
라라558897,4746.614
라라558898,4229.144
라라558899,3451.702
라라558902,873.123
라라558903,5271.251
라라558904,9015.223
라라558905,26659.649
라라558906,1339.759
라라558907,1245.613
라라558908,3681.576
라라558910,2203.35
라라559841,7595.349
라라559842,2647.545
라라559853,4435.39
라라559854,6162.756
라라559855,8245.65
라라559856,2927.811
라라559861,399.899
라라559862,3956.564
라라559868,999.497
라라559869,4461.043
라라559870,8163.423
라라559871,31668.478
라라559872,31473.861
라라559873,46940.462
라라559874,1833.354
라라559875,2258.281
라라559876,4999.761
라라559877,7346.621
라라559878,22465.913
라라559879,5543.819
라라559880,5288.652
라라559881,2463.707
라라559882,1091.917
라라559883,838.663
라라559887,6230.821
라라559888,1897.872
라라559889,8223.211
라라559890,7129.14
라라559892,2114.986
라라559893,1380.386
라라559894,830.939
라라559895,2057.117
라라559896,1949.609
라라559897,9581.334
라라559898,6042.345
라라559899,5253.211
라라559900,5834.842
라라559901,7134.962
라라559902,2116.743
라라559905,6661.804
라라559906,419.434
라라559907,751.502
라라559908,7052.995
라라560840,50.071
라라560841,3007.096
라라560842,5671.299
라라560853,1656.742
라라560854,8576.451
라라560855,21367.794
라라560856,4736.046
라라560861,104.432
라라560862,602.424
라라560868,2345.904
라라560869,2058.741
라라560870,3335.588
라라560871,9977.318
라라560872,6756.05
라라560873,12425.716
라라560874,7743.978
라라560875,6548.082
라라560876,2598.436
라라560877,4842.886
라라560878,7194.994
라라560879,7036.771
라라560880,13477.989
라라560881,7022.691
라라560882,11805.339
라라560883,2799.801
라라560884,3121.683
라라560885,843.958
라라560887,2306.521
라라560888,16034.608
라라560889,16909.576
라라560890,5429.864
라라560891,7921.179
라라560892,6939.391
라라560893,5032.335
라라560894,290.018
라라560895,1781.017
라라560896,5798.627
라라560897,7777.501
라라560898,7572.718
라라560899,14712.607
라라560900,6973.862
라라560901,3243.32
라라560902,412.742
라라561841,1148.583
라라561842,5825.274
라라561845,1073.646
라라561853,1172.599
라라561854,7102.427
라라561855,22548.3
라라561856,6003.601
라라561861,2570.933
라라561862,4848.144
라라561863,921.342
라라561868,5780.978
라라561869,3362.578
라라561870,2761.634
라라561871,3953.89
라라561872,3093.822
라라561873,5.756
라라561874,3072.311
라라561875,2572.016
라라561876,4580.608
라라561877,3135.784
라라561878,15735.709
라라561879,19447.026
라라561880,43187.301
라라561881,35404.6
라라561882,19873.617
라라561883,12619.267
라라561884,7299.364
라라561885,6548.952
라라561886,6486.598
라라561887,7818.428
라라561888,8652.84
라라561889,7494.457
라라562845,720.82
라라562848,1821.842
라라562854,904.53
라라562855,3030.873
라라562856,8095.403
라라562862,3182.907
라라562870,5752.418
라라562871,5814.698
라라562878,3211.887
라라562879,20447.398
라라562880,20655.643
라라562881,10073.961
라라562882,14027.817
라라562883,5240.041
라라562885,11474.206
라라562886,9774.686
라라562887,19150.649
라라562888,5604.941
라라562889,1572.722
라라563845,3964.54
라라563863,3036.536
라라563878,1045.858
라라563879,7821.383
라라563880,14120.714
라라563881,7579.683
라라563882,3305.038
라라563883,2903.839
라라563884,6345.49
라라563885,6576.433
라라563886,8301.723
라라563887,6715.626
라라563888,3186.525
라라564879,8170.312
라라564880,4857.867
라라564881,8970.063
라라564882,1742.84
라라564883,4268.714
라라564884,8150.987
라라564885,6446.16
라라564886,8257.634
라라564887,2302.066
라라564888,1849.101
라라564889,528.337
라라565862,2112.515
라라565878,1050.998
라라565879,2509.711
라라565880,5410.41
라라565881,6042.014
라라565882,9806.197
라라565883,8466.069
라라565884,10542.65
라라565885,25995.491
라라565886,5802.421
라라565887,1717.207
라라565888,4680.341
라라565889,2549.326
라라566863,1508.862
라라566879,19292.927
라라566880,28528.803
라라566881,13090.809
라라566882,19600.064
라라566883,20656.105
라라566884,36419.261
라라566885,63977.062
라라566886,34242.367
라라566887,16855.24
라라566888,8805.904
라라566889,4475.809
라라567863,2688.465
라라567864,4606.729
라라567878,635.257
라라567879,3994.155
라라567880,16770.172
라라567881,4124.925
라라567882,5614.26
라라567883,7883.317
라라567884,26442.212
라라567885,37381.505
라라567886,16763.634
라라567887,13353.437
라라567888,20742.68
라라567889,3250.443
라라567905,523.645
라라567915,2629.61
라라567916,1969.601
라라568863,874.289
라라568864,3269.333
라라568865,4070.837
라라568879,719.063
라라568880,3179.341
라라568881,518.743
라라568882,10872.012
라라568883,7562.384
라라568884,5679.671
라라568885,27403.404
라라568886,9634.886
라라568887,28645.586
라라568888,26751.115
라라568889,4777.076
라라569827,10.439
라라569864,38.606
라라569865,538.185
라라569866,4801.096
라라569867,11.406
라라569879,1829.628
라라569880,13598.742
라라569881,3012.464
라라569882,16744.604
라라569883,7600.613
라라569884,1093.042
라라569886,3462.161
라라569887,3784.804
라라569888,6176.299
라라569889,4310.456
라라570866,47.934
라라570879,33.538
라라570880,15266.711
라라570881,14939.072
라라570882,2590.244
라라570883,6636.918
라라570885,1630.743
라라570886,2469.715
라라570887,1902.424
라라570888,7271.385
라라570889,4588.278
라라571856,2299.402
라라571860,2185.919
라라571879,557.543
라라571880,15057.218
라라571881,12882.928
라라571882,4369.449
라라571883,6495.133
라라571884,306.248
라라571889,2537.086
라라572860,4098.934
라라572861,1413.424
라라572879,766.473
라라572880,9422.574
라라572881,8858.824
라라572882,4331.802
라라572942,1982.444
라라573861,4619.449
라라573908,269.968
라라573909,7110.501
라라574861,3711.466
라라574909,1481.293
라라575861,8741.905
라라575866,3602.626
라라576862,5547.245
라라576865,83.825
라라576868,1094.533
라라577832,3703.413
라라577858,6181.951
라라577859,602.581
라라577862,2869.534
라라577863,563.341
라라577868,4633.442
라라578858,4047.569
라라578859,529.825
라라578862,5002.224
라라578868,7179.064
라라579861,3487.35
라라579865,140.028
라라580861,1919.86
라라580862,1939.221
라라580865,19.422
라라580949,89.609
라라580950,2947.932
라라581915,1456.143
라라581925,217.354
라라581926,902.274
라라582870,1223.567
라라582872,8536.43
라라582910,7056.188
라라582911,786.501
라라582914,2662.094
라라582915,6046.013
라라583870,1410.784
라라583910,4667.674
라라583911,53.453
라라583915,3921.17
라라584881,1515.926
라라584910,271.933
라라584911,1709.721
라라584912,213.142
라라584915,2308.432
라라585862,5541.554
라라585863,701.367
라라585911,4555.52
라라585912,3621.04
라라585959,2625.371
라라586864,1058.246
라라586865,341.379
라라586866,3051.091
라라586867,2000.869
라라586870,4952.735
라라586914,446.022
라라586915,1023.134
라라586916,2330.606
라라587863,935.832
라라587866,1542.218
라라587867,5848.632
라라587868,4551.674
라라587869,6270.503
라라587911,2172.907
라라587912,10670.365
라라587913,2472.374
라라587914,3380.219
라라587915,15562.986
라라587916,1606.505
라라587917,3177.859
라라588862,5099.806
라라588863,4508.369
라라588865,184.628
라라588866,2978.266
라라588867,48.265
라라588911,2589.485
라라588912,12842.136
라라588913,3624.44
라라588914,256.089
라라588915,7425.496
라라588916,3440.224
라라588917,2746.719
라라589862,579.319
라라589864,4846.529
라라589865,239.303
라라589875,199.753
라라589876,1099.897
라라589878,699.122
라라589910,421.044
라라589911,6687.905
라라589912,7903.806
라라589914,1790.751
라라589915,5530.909
라라589916,1451.078
라라589917,2281.184
라라589918,2606.166
라라589919,1376.032
라라590863,2396.838
라라590865,6171.598
라라590866,1440.755
라라590867,55.718
라라590870,4197.831
라라590872,4.166
라라590873,3741.872
라라590874,4277.14
라라590875,1252.921
라라590877,11.87
라라590878,5539.028
라라590879,2241.792
라라590910,5366.096
라라590911,4568.781
라라590912,2784.841
라라590914,1384.127
라라590915,3720.221
라라590916,817.94
라라590919,3870.987
라라590920,5998.213
라라591864,2345.799
라라591865,6692.417
라라591868,9464.789
라라591869,693.349
라라591872,214.814
라라591873,4355.764
라라591874,3323.512
라라591878,203.791
라라591910,724.162
라라591911,47.494
라라591913,670.859
라라591917,6783.028
라라591918,2011.365
라라591919,1522.385
라라591920,3070.465
라라592865,1734.156
라라592866,2870.672
라라592868,2843.014
라라592872,2163.858
라라592874,82.794
라라592913,2628.25
라라592917,1725.403
라라592918,7497.729
라라592919,1062.287
라라592922,1365.008
라라592923,2401.009
라라593850,924.872
라라593851,126.401
라라593868,160.208
라라593869,1092.292
라라593874,4337.102
라라593917,1823.935
라라593918,3866.805
라라594870,4248.44
라라594871,5361.78
라라594872,695.689
라라594873,797.792
라라594874,354.584
라라595868,1232.734
라라595870,4331.811
라라595871,6759.02
라라595873,609.442
라라596870,844.966
라라596871,1152.345
라라596902,1847.21
라라596965,285.16
라라599935,2358.399
라라600935,2733.451
라라600936,922.207
라라601862,305.243
라라601863,5542.215
라라602863,1750.441
라라603857,2733.932
라라603858,4326.895
라라603859,1587.834
라라603861,4417.245
라라603862,3284.789
라라604857,3585.281
라라604858,5668.573
라라604860,5115.251
라라604861,6082.217
라라604862,2365.938
라라604864,1571.589
라라605857,664.791
라라605858,2613.115
라라605859,341.221
라라605860,6829.415
라라605861,2562.541
라라605862,1484.817
라라606857,1211.028
라라606858,6412.237
라라606862,99.972
라라607839,3691.618
라라607840,624.879
라라607856,355.853
라라607862,287.235
라라607863,1591.655
라라607975,2264.307
라라608839,682.108
라라608861,189.164
라라608862,2412.011
라라608863,6277.268
라라608964,1278.432
라라608965,5109.714
라라608966,62.711
라라609861,5480.217
라라609862,404.242
라라609863,28.874
라라609963,2746.315
라라610861,1624.221
라라612844,832.042
라라614843,331.837
라라614844,2821.758
라라620823,2658.21
라라621839,629.887
라라621973,2465.653
라라621974,190.581
라라622839,417.119
라라622840,1752.189
라라622924,3207.676
라라622925,281.413
라라623925,132.344
라라626774,232.913
라라626775,1279.255
라라632859,841.992
라라634821,10.289
라라634935,2116.732
라라635930,1486.644
라라636821,1822.245
라라645909,778.714
라라645910,966.377
라라646908,2001.354
라라655875,2084.815
라라656938,1430.432
라라657938,2698.683
라라658938,69.61
라라664813,1872.247
라라685935,2375.806
라라686935,4322.046
라라690913,94.504
라라694884,192.632
라라695883,5729.346
라라706864,4420.512
라라706865,4258.18
라라706866,5847.698
라라707864,8179.254
라라707865,7093.284
라라708865,4128.531
라라709863,67.571
라라709865,3857.866
라라710863,6354.291
라라711863,2676.784
라라711864,1116.334
라라712864,5293.105
라라712865,1113.1
라라713864,7298.866
라라713865,3331.332
라라714863,2139.522
라라714864,6200.55
라라715866,1745.993
라라716862,123.502
라라716863,1702.033
라라716866,1080.68
라라721861,2799.355
라라722862,137.708
라라727849,843.64
라라727850,1665.742
라라728859,1399.514
라라741851,1885.314
라라742850,673.217
라라742851,758.705
라라755878,972.104
라라758889,1264.71
라라759868,230.316
라마577009,2267.39
